Lesson ID (hardcoded),Lesson # (1-6),Date Finalized,Revised by,Ready to publish to webpage,Link to folder with updated lesson plan and materials,Notes,Lesson Title,Grade,CT Concept,Subject,Original Author,Original Folder Link,Peer Review,Comments,Has Spanish,Link to English Plan,Link to Spanish Plan
1,1,,,FALSE,,,Find the Unknown Number - Algorithms,1,Algorithms,Math ,Jen M,folder,,,Yes,,,
2,2,,,FALSE,,,The incase: The Runner - Decomposition,1,Decomposition,Social Studies,Jen M,folder,,,,,,
3,3,,,FALSE,,,Decomposing two-digits numbers into tens and ones,1,Decomposition,Math ,Jen M,folder,,,Yes,,,
4,4,,,FALSE,,,Astronomy,1,Decomposition,Science,Jen M,folder,,,Yes,,,
5,5,,,FALSE,,,Pattern Recognition and Plant Survival,1,Pattern Recognition,Science,Jen M,folder,,,Yes,,,
6,6,,,FALSE,,,Collect and Compare Data,1,Abstraction,Math ,Jen M,folder,,,Yes,,,
27,1,,,FALSE,,Will need to dig into changing for copyright,Early understanding of the human body and decomposition of the systems,1,Decomposition,ELA,Amy H.,folder,,,,,,
45,2,,,FALSE,,,Decomposing teen numbers into a ten and some ones,1,Decomposition,Math,Amy H.,folder,,,,,,
63,3,,,FALSE,,,What are living and nonliving things?,1,Algorithms,ELA,Amy H.,Folder,,,,,,
83,4,,,FALSE,,,Diorama of Habitat and Graphic Organizer,1,Abstraction,ELA,Amy H.,Folder,,,,,,
103,5,,,FALSE,,,Planning a Pollinator Garden,1,Algorithms,Math,Amy H.,folder,,,,,,
123,6,,,FALSE,,,Fairy Tales,1,Pattern Recognition,ELA,Amy H.,folder,,,,,,
207,4,,,FALSE,,,Decomposing teen numbers into a ten and some ones,1,Decomposition,Math,Amy Hartley- adapted by Cindy Thomas,https://docs.google.com/document/d/1PuVBcC8wG0YBlzpWC0SwXkzeEpeq-NCndzA_6dWWxgs/edit?usp=sharing,,,,,,
234,5,11/16/2025,Shannon Wellsteed,TRUE,https://drive.google.com/drive/folders/1VSUfnpT4zryW10YK-KbA-6CqEHvCPUbR?usp=drive_link,,Introduction to Algorithms and Debugging,1,Algorithms,ELA,Cindy Thomas,https://docs.google.com/document/d/1XAVmH8C6PKGnBM0ftr_GOk0zgkeFHuNaycb2ROVDDQs/edit?usp=sharing,,,,,,
235,6,11/16/2025,Shannon Wellsteed,TRUE,https://drive.google.com/drive/folders/1ARMvGq08r5n0WOlNQAkonlKVYLe5xCuy?usp=drive_link,,AB and ABC Patterns with Unifix Cubes,1,Pattern Recognition,Math,Cindy Thomas,https://docs.google.com/document/d/1YsG-Vx3f9uIsQd7YIfG3b0-zsJqP0Kvxqb7U2VIe5tY/edit?usp=sharing,,,,,,
251,1,07/18/2025,Shannon Wellsteed,TRUE,https://drive.google.com/drive/folders/1OuozGb314w8SLpoQZAh2kc_Ep-vAWz7G?usp=drive_link,Created worksheets from Cava so lesson could be used,Understand number relationships (parts and whole),1,Decomposition,Math,Faith Milton,https://drive.google.com/drive/folders/144McDbRZ8cF21kIO_QQB4-ykLu-_Eouh,Finalized,,,,,
252,2,01/03/2026,Shannon Wellsteed,TRUE,https://drive.google.com/drive/folders/1nz5C9Zh0LUDe7wiUTpA3qTtMToy_LrOH?usp=drive_link,,Devolping Empathy,1,Pattern Recognition,SEL,Faith Milton,https://drive.google.com/drive/folders/11k7y6gha5ttMAehf--lLP0iqsPuWOLPb,,,,,,
253,3,8/18/2025,Jennifer Mohatt,TRUE,https://drive.google.com/drive/folders/1pJD1qfydkdV2YOcEciA-Yo_mzO8T1Ap5?usp=drive_link,,How to go to Bed,1,Algorithms,ELA,Faith Milton,https://drive.google.com/drive/folders/10FRhxMgc9C-Tlc1fHg0kR6IU5H-thras,,,,,,
254,4,01/03/2026,Shannon Wellsteed,TRUE,https://drive.google.com/drive/folders/1BcPV8xAgvum33k8vDSIfgqTKOWD0mcAs?usp=drive_link,Created a worksheet through Canva so that lesson can be used,Collect and Compare Data,1,Abstraction,Math,Faith Milton,https://drive.google.com/drive/folders/1L6gdp4QQPxxDHa9nSaEQ0j1yUDxy7BGK,,,,,,
255,5,,,FALSE,,,Saying Sorry,1,Algorithms,SEL,Faith Milton,https://drive.google.com/drive/folders/1vqbApFY8ufPK9wef4gu1qMZB7lsaCmYL,,,,,,
256,6,07/18/2025,Shannon Wellsteed,TRUE,https://drive.google.com/drive/folders/1glyfSMRpyG4EBSBb_bqi7OvszPppbKVq?usp=drive_link,,Retell a Fairy Tale,1,Abstraction,ELA,Faith Milton,https://drive.google.com/drive/u/0/folders/1MOrqOQUHwXvrEmHJUK026_VADMnjiDk3,Finalized,,,,,
257,2,,,FALSE,,,Pattern Recognition- 3 Pigs,1,Pattern Recognition,ELA,Faith Milton- Updated by Cindy Thomas,https://drive.google.com/drive/folders/1Ux7ga9fRPsZCZUYC1GK_S7Jdr1JFZUCq?usp=drive_link,,,,,,
269,1,07/18/2025,Shannon Wellsteed,FALSE,https://drive.google.com/drive/folders/1KS2GYZUYDdj3KZtD_dg_uQYRdNAfT7lW?usp=drive_link,Copyright of math curriculm may need to be adjusted,Solving Word Problems Using Abstraction,1,Abstraction,Math,Jennifer Mohatt,https://drive.google.com/drive/folders/1idTFZaWtS8SsZcc3R_mziDrh1swWrH1Y,,,Yes,,,
270,2,10/17/2025,Shannon Wellsteed,TRUE,https://drive.google.com/drive/folders/16SRmFU5G9FFgqXjd-7ReD6BPldP_cXd6?usp=drive_link,,Writing an Algorithm to Practice Caring for Ourselves and Others,1,Algorithms,SEL,Jennifer Mohatt,https://drive.google.com/drive/folders/152dwcaVJIEOfr75RpqZ-Byu_FFATqtAu,,,,,,
271,3,,,FALSE,,,Decomposing a Story for Comprehension/Descomponer un cuento para comprender,1,Decomposition,ELA,Jennifer Mohatt,https://drive.google.com/drive/folders/1O-71LTwhvV4ArhZZaQW1cP79Arj8TqN4,,,Yes,,,
272,4,,,FALSE,,,Leer palabras con la letra ‘g’ en español usando un algoritmo,1,Algorithms,ELA,Jennifer Mohatt,https://drive.google.com/drive/folders/1kgSPFd8iaei3_plElj8b5qPBR0Ac2Ag2,,,Yes,,,
273,5,,,FALSE,,,Using Pattern Recognition to Determine Types of Rocks,1,Pattern Recognition,Science,Jennifer Mohatt,https://drive.google.com/drive/folders/19Lu_OPQobFaX03WgBjshQ2ALC-EuhLtP,,,,,,
274,6,07/16/2025,Shannon Wellsteed,TRUE,https://drive.google.com/drive/folders/18OioMdjjDTxO0voGQVLwnOzstR97JoSj?usp=drive_link,,Decompose a Clock to Tell Time,1,Decomposition,Math,Jennifer Mohatt,https://drive.google.com/drive/u/0/folders/1urVm-zXoJHPeMlKG4oyFdiOISb7D0WD3,Finalized,,,,,
298,1,,,FALSE,,,Patterns all around,1,Pattern Recognition,Science,Lauren McGowne adapted by Cindy Thomas,https://drive.google.com/drive/folders/1otgis2hxuBPkv37N_DsqoBp1mS7RGBy4?usp=drive_link,,,,,,
322,3,,,FALSE,,,Emoji Feeling Identification,1,Abstraction,SEL,Shannon Wellsteed- adapted by Cindy Thomas,https://docs.google.com/document/d/1EWyr1enlRktvRJuF3MtMhr4BMMVyveTgmyDuWDw1i9c/edit?usp=drive_link,,,,,,
209,2,,,FALSE,,,Pattern Recognition- Dictionaries,"1, 2",Pattern Recognition,ELA,Amy Kneeland,https://docs.google.com/document/d/1fSuN494Qz42Y_Du1cZ_nXvt7DIexrneKSYvS8nxMklI/edit?tab=t.0,,,,,,
210,3,,,FALSE,,,Writing a Table of Contents,"1, 2",Decomposition,ELA,Amy Kneeland,https://drive.google.com/drive/folders/1F1oezXP_kUHoCElT_Nq7B7HeZWVNCV9p?usp=drive_link,,,,,,
211,4,,,FALSE,,,Putting it Back Together,"1, 2",Decomposition,Math,Amy Kneeland,https://drive.google.com/drive/folders/1Ji2BrM_eLuw7iSo5KYOzahxLihkDKg68?usp=drive_link,,,,,,
280,2,,,FALSE,,,Dictionary Detective,"1, 2",Pattern Recognition,ELA,Kathleen Mateas,https://docs.google.com/document/d/18dJIHEGyUMI7zeXOZLPZFelGB1mx4oypRhx0HIbSr5Q/edit?tab=t.0,,,,,,
281,3,,,FALSE,,,Decomposition - Non-Fiction Text Page Parts,"1, 2",Decomposition,ELA,Kathleen Mateas,https://drive.google.com/drive/folders/16rco5_HmXQAHr3eJd66Bv0EHiIEF_0uF?usp=drive_link,,,,,,
282,4,07/18/2025,Shannon Wellsteed,TRUE,https://drive.google.com/drive/folders/1eB9x_Tf5yytZzk4n60JVzx0qm3DwQA0_?usp=drive_link,,Scientists Need a Plan,"1, 2",Algorithms,Science,Kathleen Mateas,https://drive.google.com/drive/folders/1qDSWXzQeRqyNpHzX2KWMhmW6mGi-RKrx?usp=drive_link,Finalized,,,,,
283,5,01/12/2025,Shannon Wellsteed,FALSE,https://drive.google.com/drive/folders/1PFtQ1xYR9VlusEAa16swpvDrqqyoEHcq?usp=drive_link,,Telling Time is Tricky,"1, 2",Algorithms,Math,Kathleen Mateas,https://drive.google.com/drive/folders/149is8hwGNSWYeIjg-zSZWaZiRuha3khn?usp=drive_link,,,,,,
284,6,,,FALSE,,,Keying Into Maps,"1, 2",Abstraction,Social Studies,Kathleen Mateas,https://drive.google.com/drive/folders/1C6q4xN2si4HOptz8E0oGMVDZn6pZZoQX?usp=drive_link,,,,,,
28,1,08/24/2025,Shannon Wellsteed,TRUE,https://drive.google.com/drive/folders/1XWPq9H1zav2-_x3r0vx8SE9kCxdT4l1h?usp=drive_link,,How do we get there?,2,Algorithms,ELA,Faith M.,folder,,,,,,
30,1,,,FALSE,,,Decomposing numbers,2,Decomposition ,Math,Melanie S.,folder,,,,,,
31,1,,,FALSE,,,Introducing Algorithms using procedural writing.,2,Algorithms,ELA,Jen D.,folder,,,,,,
34,1,,,FALSE,,,Science plant and animal habitat-map,2,Decomposition,Science,Amy P.,folder,,,,,,
35,1,,,FALSE,,,Decomposing Tree Species in Bengal Tiger Reserve,2,Decomposition,Science,Kathleen M.,folder,,,,,,
46,2,,,FALSE,,,Recognizing Patterns in a Story,2,Pattern Recognition,ELA,Faith M.,folder,,,,,,
48,2,,,FALSE,,,Feeling Words,2,Abstraction,SEL,Melanie S.,folder,,,,,,
49,2,,,FALSE,,,Decomposing numbers,2,Decomposition,Math,Jen D.,folder,,,,,,
52,2,,,FALSE,,,Introduction to Pattern Recognition,2,Pattern Recognition,ELA,Amy P.,folder,,,,,,
53,2,,,FALSE,,,Decomposing Information From a Map,2,Decomposition,Science,Kathleen M.,folder,,,,,,
64,3,,,FALSE,,,Decompose two digit math subtraction problems using addition and subtraction,2,Decomposition,Math,Faith M.,Folder,,,,,,
67,3,,,FALSE,,,Spelling Patterns,2,Pattern Recognition,ELA,Melanie S.,folder,,,,,,
68,3,,,FALSE,,,Decomposing three-digit numbers using base ten and expanded form,2,Decomposition,Math,Jen D.,folder,,,,,,
71,3,01/13/2026,Shannon Wellsteed,TRUE,https://drive.google.com/drive/folders/1yVMNdG_xwD-YVbY0JcgucYHEDTNjOBwr?usp=drive_link,,Step by Step- Building an Algorithm,2,Algorithms,ELA,Amy P.,folder,,,,,,
72,3,,,FALSE,,,Writing Steps for Drawing a Cat,2,Algorithms,ELA,Kathleen M.,folder,,,,,,
73,3,,,FALSE,,,Algorithm for drawing,2,Algorithms,"SEL, ELD",Staci,folder,,,,,,
84,4,,,FALSE,,,Write Key Details using Abstraction,2,Abstraction,ELA,Faith M.,Folder,,,,,,
87,4,,,FALSE,,,Introduction to Algorithms,2,Algorithms,ELA,Melanie S.,folder,,,,,,
88,4,,,FALSE,,,Decomposing Spelling Words,2,Decomposition,ELA,Jen D.,folder,,,,,,
91,4,,,FALSE,,,Fortunately,2,Pattern Recognition,ELA,Amy P.,folder,,,,,,
92,4,,,FALSE,,,Decomposing the Three Little Pigs,2,Decomposition,ELA,Kathleen M.,folder,,,,,,
93,4,08/24/2025,Shannon Wellsteed,FALSE,,Lesson Was revised and redone in 2024/25,Snowflake Patterns,2,Pattern Recognition,"SEL, ELD",Staci,folder,,,,,,
104,5,,,FALSE,,,Going west,2,Abstraction,ELA,Faith M.,folder,,,,,,
107,5,,,FALSE,,,Algorithms for Addition & Subtraction,2,Algorithms,Math,Melanie S.,folder,,,,,,
108,5,08/24/2025,Shannon Wellsteed,TRUE,https://drive.google.com/drive/folders/1qox09iD93r2YQj6BsB3bZ_HLIh_zSXVq?usp=drive_link,,Tortise and the Hare - Sequencing,2,Algorithms,ELA,Jen D.,folder,,,,,,
111,5,,,FALSE,,,Science Experiement Algorithm,2,Algorithms,Science,Amy P.,folder,,,,,,
112,5,,,FALSE,,,PR in Three Litle Pigs Chorus,2,Pattern Recognition,ELA,Kathleen M.,folder,,,,,,
113,5,,,FALSE,,,Letter Algorithms,2,Algorithms,ELA,Staci,folder,,,,,,
124,6,,,FALSE,,,The Amazing Human Body,2,Decomposition,"ELA, Science",Faith M.,folder,,,,,,
127,6,,,FALSE,,,Abstraction in informational writing,2,Abstraction,ELA,Melanie S.,folder,,,,,,
128,6,,,FALSE,,,Abstraction Animal Report for Student Treasures Book,2,Abstraction,ELA,Jen D.,folder,,,,,,
131,6,,,FALSE,,No lesson plan here,Writing a Science Expirement,2,Algorithms,"ELA, Science",Amy P.,folder,,,,,,
132,6,,,FALSE,,,Abstraction Ashland Brochure Cover,2,Abstraction,Social Studies,Kathleen M.,folder,,,,,,
133,6,,,FALSE,,,Heads Shoulder Knees and Patterns,2,Pattern Recognition,"SEL, PE",Staci,folder,,,,,,
212,5,07/25/2025,Shannon Wellsteed,TRUE,https://drive.google.com/drive/folders/1cqR7vqovVw7yfdwhwigBhBfpdyKyktx2?usp=drive_link,,Fraction Patterns,2,Pattern Recognition,Math,Amy Kneeland,https://drive.google.com/drive/folders/1O3KdsPhBcLTNQwXyAwZckp1Q4pHsNrV8?usp=drive_link,Finalized,WE MAY WANT TO IMPORVE PRK2 standards there's repitition from idnetify to define (recognize) and define to apply (predict). This would need to be changed in all K2 lessons with PR,,,,
239,2,08/07/2025,Shannon Wellsteed,TRUE,https://drive.google.com/drive/folders/1HrQuc3iRVeVZhtoLey4Mj_w2INriKOZ3?usp=drive_link,,Using abstraction to summarize Text (ELA),2,Abstraction,ELA,Cory Carnes and Max Schmeling- adapted by Theresa Rodocker,https://docs.google.com/document/d/1wXCz--Kb9lxj4e_hqik1mBjN1eilJ8D7qX5-TaNWE-k/edit?usp=drive_link,Finalized,,,,,
258,1,06/15/2025,Kelly Martin,TRUE,https://drive.google.com/drive/folders/11ivYt4ZZnv6eO_AXxXfQj3HOHfygHRj3?usp=drive_link,,When to double a letter when adding suffixes -ed or -ing,2,Pattern Recognition,ELA,Jen Dotson,https://drive.google.com/drive/folders/1dZ2TaSDYOPaBtaPfW1IPzggkv4TVA1wF?usp=drive_link,Finalized,,,,,
259,2,08/07/2025,Shannon Wellsteed,TRUE,https://drive.google.com/drive/folders/153UXQawXt5_AkT_xF13FyM75AtJzuTFm?usp=drive_link,,The Algorithm of a Word Problem,2,Algorithms,Math,Jen Dotson,https://docs.google.com/document/d/1SFITN9IM44mDPIQ299S2EvaSPyPSvz1288phElH8pCM/edit?tab=t.0,Finalized,,,,,
260,3,07/25/2025,Shannon Wellsteed,TRUE,https://drive.google.com/drive/folders/1xdKUzrL8DHXHqj0E7c-M_BZxbWhVtXWm?usp=drive_link,,Pattern Recognition in Plural Nouns,2,Pattern Recognition,ELA,Jen Dotson,https://docs.google.com/document/d/11eAYigpoa8IpkL98xlmcfrIme3TZbSg1c-A_hBDTRAQ/edit?tab=t.0,Finalized,,,,,
261,4,08/07/2025,Shannon Wellsteed,TRUE,https://drive.google.com/drive/folders/1SdTEQgwfuUk2n-u4V9ZtTSIPQYZ-ALs4?usp=sharing,,Decomposing 3 Digit Numbers,2,Decomposition,Math,Jen Dotson,https://docs.google.com/document/d/1WlOZMLO3lDN8mOQTVripCjxfzXMjUmkPIG0MNVcIZCI/edit?tab=t.0,Finalized,,,,,
262,5,08/07/2025,Shannon Wellsteed,TRUE,https://drive.google.com/drive/folders/1_i700WSn9hy1mqC-13_Q4-NaVDolJmbH?usp=drive_link,,The Algorithm for adding 3 digit Numbers,2,Algorithms,Math,Jen Dotson,https://docs.google.com/document/d/1IKToc3LBT1Oc4uLfkGhww5g5atLJiH2uvilpRmAGHfY/edit?tab=t.0,Finalized,,,,,
263,6,08/07/2025,Shannon Wellsteed,TRUE,https://drive.google.com/drive/folders/1r2AOZEp7av0_ZKy-HaCzop_dbrhJ9vaL?usp=drive_link,,Abstracting Key Details in Text about Animals,2,Abstraction,ELA,Jen Dotson,https://docs.google.com/document/d/1NDvX9OB0wpYPqsV5zzgPT77JGXRHTL55Np6fGwsDvnQ/edit?tab=t.0,,,,,,
314,1,08/08/2025,Shannon Wellsteed,TRUE,https://drive.google.com/drive/folders/1pjfuWLxPwZvmSqsmkHmOWsttknQHXBQ4?usp=drive_link,,SEL Feeling words,2,Abstraction,SEL,Melanie Sprague adapted by Theresa Rodocker,https://drive.google.com/drive/folders/1c7lWPiSAJ0h-yAdcAyJSDhwWLu7-YXVw?usp=drive_link,Finalized,,,,,
323,3,08/08/2025,Shannon Wellsteed,TRUE,https://drive.google.com/drive/folders/1XxcHpEHgPnBzveiKQdwnsUZEcRP74qXk?usp=drive_link,,Snowflake Patterns,2,Pattern Recognition,ELA,Staci Murillo adapted by Theresa Rodocker,https://docs.google.com/document/d/1dnu33fZSBByocKlQc6x4vt98ldBB4EzIEM21Vs91c8M/edit?usp=sharing,Finalized,,,,,
324,4,08/08/2025,Shannon Wellsteed,TRUE,https://drive.google.com/drive/folders/1qUT_qZzuJO27pNlcYj0SDwodCmltDZyB?usp=drive_link,,Using Patterns to Create A body movement book,2,Pattern Recognition,SEL,Theresa Rodocker,https://docs.google.com/document/d/1yNb_JFwRmx3IOMMMczFdAAtNeF1rHXDCMpQYOx71sjk/edit?usp=sharing,Finalized,,,,,
325,5,08/08/2025,Shannon Wellsteed,TRUE,https://drive.google.com/drive/folders/1Us6yaCa1GNGDRp6-bwrtasFU9iWXyPyu?usp=drive_link,,Creating a 3 Digit Algorithm for Adding and Subtracting,2,Algorithms,Math,Theresa Rodocker,https://docs.google.com/document/d/1vPs82T07dWZf3LFRC9p4ocYGxWdwbEg4ZeI3njoPCts/edit?usp=sharing,Needs additonal update,left a comment about what students' are doing ,,,,
326,6,07/18/2025,Shannon Wellsteed,TRUE,https://drive.google.com/drive/folders/1GkZx1TEfQDut2HU3nHY_sbJmQjgDA11N?usp=drive_link,,Fairy Tales,2,Pattern Recognition,ELA,Thresa Rodocker,https://docs.google.com/document/d/1vCdVY2iaYnRmwbfnyF_AGzaN9q7aICrrTgzIi7MFNws/edit?usp=sharing,Finalized,,,,,
208,1,01/12/2026,Shannon Wellsteed,TRUE,https://drive.google.com/drive/folders/1IJKVTyDDa27UEUN26RjJ2DH_ZA4S_gcC?usp=drive_link,,What's the Desired Outcome,"2, 1",Algorithms,ELA,Amy Kneeland,https://drive.google.com/drive/folders/1Njtm5OtdvQjmuaZ4F3G24AHY0N2qdEl_?usp=drive_link,,,,,,
279,1,,,FALSE,,,Algorithms- What is debugging?,"2, 1",Algorithms,ELA,Kathleen Mateas,https://drive.google.com/drive/u/1/folders/16cGJOcrZSim8QBi6gTedZm5j1DBbqFdM,,,,,,
14,2,12/23/2025,Charlie Henry,TRUE,https://drive.google.com/drive/folders/1WCSK_ubMj2iTNUCZCm1lTqWlhleZxHn9,,Recipe Algorithm,"2, 3",Algorithms,"ELD, ELA",Dylana,folder,,,,,,
15,3,12/23/2025,Charlie Henry,TRUE,https://drive.google.com/drive/folders/1gYUhs-bQHfeagMnoZXCp3ZEGhkjpk9PD,,The three sounds of -ed,"2, 3",Pattern Recognition,ELD,Dylana,folder,,,,,,
16,4,12/22/2025,Charlie Henry,TRUE,https://drive.google.com/drive/folders/1yOG-t3tv48tI_js_aw3TP8kgq5Kyy7dj,,Decompose a Letter,"2, 3",Decomposition,ELD,Dylana,folder,,,,,,
17,5,12/22/2025,Charlie Henry,TRUE,https://drive.google.com/drive/folders/1cQeMT1vEvWk61j_JO2GYoJsiq_ieugT_,,Decompose a Project,"2, 3",Decomposition ,"ELD, ELA",Dylana,folder,,,,,,
32,1,12/11/2025,Charlie Henry,TRUE,https://drive.google.com/drive/folders/1A69tZPw6R7CiIkwZ7mYNBkqzb0wup5yp,,Emoji Abstraction,3,Abstraction ,SEL,Lori E.,folder,,,,,,
33,1,,,FALSE,,"A very similar lesson to Garfas, Y2L3; I merged lesson materials in the Garfas lesson.",Patterns in spelling,3,Pattern Recognition,ELA,Kelly M.,folder,,,,,,
50,2,,,FALSE,,Skipped--no lesson plan,Intro to Algorithms (Mood Meter),3,Abstraction,SEL,Lori E.,folder,,,,,,
69,3,12/18/2025,Charlie Henry,TRUE,https://drive.google.com/drive/folders/1Mc-36njEo3hPYM1r7xoJSufU74aUDcvW,,Movement Routine Algorithm,3,Algorithms,"SEL, PE",Lori E.,folder,,,,,,
70,2,12/21/2025,Charlie Henry,TRUE,https://drive.google.com/drive/folders/1Se2v4peMz4G0feqib-PQYEY7M6f1NcD1,,I Can Write an Algorithm!,3,Algorithms,ELA,Kelly M.,Folder,,,,,,
89,4,12/15/2025,Charlie Henry,TRUE,https://drive.google.com/drive/folders/1S8GpKRUcvU1fcYhVy4aD-rkEiv9GSSQt,,Character Impact Mapping,3,Abstraction,"SEL, ELA",Lori E.,folder,,,,,,
90,4,,,FALSE,,Skipped--unsure of academic rigor,Decomposing our Playground,3,Decomposition,ELA,Kelly M.,folder,,,,,,
109,5,12/16/2025,Charlie Henry,TRUE,https://drive.google.com/drive/folders/1I9hGC3MWzPTUDBEInQBC7OjWW50D4Q2J,,Class Community Data Portrait,3,Abstraction,"Math, SEL",Lori E.,folder,,,,,,
110,5,12/10/2025,Charlie Henry,TRUE,https://drive.google.com/drive/folders/1tNKsN2eTFV22z_70ujZgS___R4icDDI7,,Oregon Mapping,3,Decomposition,Social Studies,Kelly M.,folder,,,,,,
129,6,12/20/2025,Charlie Henry,TRUE,https://docs.google.com/document/d/1PVkKJWCOwBPyOG4Gu00ccUs0vRF63JtM_f8snCyeFKU/edit?tab=t.0,,Sincere Apology Algorithm,3,Algorithms,SEL,Lori E.,folder,,,,,,
130,6,,,FALSE,,Skipped--unsure of academic rigor,Abstract Alphabet Code,3,Abstraction,ELA,Kelly M.,folder,,,,,,
140,3,12/9/2025,Charlie Henry,TRUE,https://drive.google.com/drive/folders/1Wg-R8l-IHTZH4pKaulJdfjjEvaVNqRBc,,My Subtraction Algorithm,3,Algorithms,Math,Kelly M.,https://drive.google.com/drive/folders/16w11l1vW2kr55gmnkfH4WQCvq6G3rbl6,,,,,,
241,1,11/16/2025,Shannon Wellsteed,TRUE,https://drive.google.com/drive/folders/1KU2pYOQye7XQad93kwTna7qnr4JaPM7o?usp=drive_link,,Marigold Algorithm,3,Algorithms,"ELA, ELD",Dylana Garfas-Knowles,https://docs.google.com/document/d/10NZHwWJXDxbi82Z7Wl1fcJgzw4WSOcCSGVtkHYlaFe8/edit?tab=t.0,,,,,,
242,2,11/4/2025,Charlie Henry,TRUE,https://drive.google.com/drive/folders/14BjaTVaeoKt5C-eTzT1HEw8RhpRS09w8,,Abstract Pronouns,3,Abstraction,ELD,Dylana Garfas-Knowles,https://drive.google.com/drive/u/0/folders/1mE74ykfFt6pgXkAbNZBBSWzXlV_V4h9p,,,,,,
243,3,11/22/2025,Charlie Henry,TRUE,https://drive.google.com/drive/folders/1kQsbr1F49RZVJKf8h_T9tgUDyttQtBQB,,Story Abstraction,3,Abstraction,ELD,Dylana Garfas-Knowles,https://docs.google.com/document/d/18bQmVcC5VvrkLw6H6PSI4MuFCX37TC7otI82fDriRx4/edit?tab=t.0,,,,,,
244,4,11/23/2025,Charlie Henry,TRUE,https://drive.google.com/drive/folders/1Jv5JORJpG-qYsSSiYa6kZci3K7MNnT8Q,,Abstract Questioning Strategies,3,Abstraction,ELD,Dylana Garfas-Knowles,https://drive.google.com/drive/folders/1cDv4o4nDi_NjvXAKvbxwLedIIH1apgfH,,,,,,
245,5,11/24/2025,Charlie Henry,TRUE,https://drive.google.com/drive/folders/1ISuSDCE-abGmNTNxOAHWXt1zNu8x7sfV,,Heart Art- Decomposition,3,Decomposition,ELD,Dylana Garfas-Knowles,https://docs.google.com/document/d/1k2dtmgBrYoTgY2I_5nANp-JTT3g5FTh5BSum9sq-HFQ/edit?tab=t.0,,,,,,
246,6,11/25/2025,Charlie Henry,TRUE,https://drive.google.com/drive/folders/1JKSAt1j2o-SPyKPyOLb6n4UKFTmOdcQY,,Heart Art Part II- Algorithms,3,Algorithms,"ELD, ELA",Dylana Garfas-Knowles,https://drive.google.com/drive/folders/1oPc14zfJCJD4EEojOm7MYDmdjhtv6Qsz,,,,,,
285,1,9/9/25,Dylana Garfas-Knowles,TRUE,https://drive.google.com/drive/folders/1gQeUAUge0YSAU_xzxl0AmRN6OBlsM7Nm,,Patterns in Cinderella,3,Pattern Recognition,ELA,Kelly Martin,https://drive.google.com/drive/folders/1fXTavQZwVa1esEilYZwvmLOOF5V1l8Az?usp=drive_link,,,,,,
286,2,11/17/2025,Charlie Henry,TRUE,https://drive.google.com/drive/folders/1_qr0npjUshQnS-dCMEkX7LbW9VfQDS-R,,Abstraction of Cinderella,3,Abstraction,ELA,Kelly Martin,https://drive.google.com/drive/folders/1HLPPLVJhzZmwmBKYNimwJkFeaNOZoUhx?usp=drive_link,,,,,,
287,3,11/18/2025,Charlie Henry,TRUE,https://drive.google.com/drive/folders/16nMXFZ6VCI87xYTPL2DL9gRA4x5YibzY,,Decomposition of Cinderella,3,Decomposition,ELA,Kelly Martin,https://drive.google.com/drive/folders/1jeOeK1WuxBY7tet0WSWWKU-w7cVHeEwg?usp=drive_link,,,,,,
288,4,11/19/2025,Charlie Henry,TRUE,https://drive.google.com/drive/folders/1ugGNvfSDC6_uyMu1ohRnsxErdKLumAhv,,Algorithm of Cinderella,3,Algorithms,ELA,Kelly Martin,https://drive.google.com/drive/folders/1Hz_SVxx-ZEWKtpnVA5vcSYO8VCV3p6mI?usp=drive_link,,,,,,
289,5,11/5/2025,Charlie Henry,TRUE,https://drive.google.com/drive/folders/1cDdvMj6qbormz5MrEV2pBH5R87uZ9VMQ,,Decomposing Myself in My Classroom,3,Decomposition,SEL,Kelly Martin,https://drive.google.com/drive/folders/1U1fmcgZxA2OFtJZUFVVrTrDht9moSct8?usp=drive_link,,,,,,
290,6,11/20/2025,Charlie Henry,TRUE,https://drive.google.com/drive/folders/1nuJZVcjfOIP6P3le9Zil-SLg3ydNLD_J,,An Algorithm for Writing,3,Algorithms,ELA,Kelly Martin,https://drive.google.com/drive/folders/11aKYDelznbDPyh2e1xe6g5UFYDpkx5XR?usp=drive_link,,,,,,
299,1,12/1/2025,Charlie Henry,TRUE,https://drive.google.com/drive/folders/10VudU2cxFjyTKvveGTR79V_4JGx3B_L8,,Virtual Field Trip Itinerary,3,Decomposition,ELD,Lori Fuller,https://drive.google.com/drive/folders/1C8_TiaKnwoZEiiRC6uLZA9rEqVTbkaqK?usp=drive_link,,,,,,
300,2,12/3/2025,Charlie Henry,TRUE,https://drive.google.com/drive/folders/1Fe0rzcIMXMF-YxjcbF6A-I-tnvjyBUEf,,Virtual Field Trip Return,3,Algorithms,ELD,Lori Fuller,https://docs.google.com/document/d/1OJ0z02MyXfGAop1QW8GWjO_MHKhjy2Uz7VLW2UzBmc0/edit?tab=t.0,,,,,,
301,3,11/14/2025,Charlie Henry,TRUE,https://drive.google.com/drive/folders/1Jmcq9MWmSoKASXxjeNGd7jepRgOmPFzK,,Peter and the Wolf Character Description,3,Abstraction,ELD,Lori Fuller,https://drive.google.com/drive/u/0/folders/1Vc8MuhZCv-gmBcqBn0aItjdYO2B9GkPv,,,,,,
302,5,12/2/2025,Charlie Henry,TRUE,https://drive.google.com/drive/folders/1qRr4FaPrWMKfKvFodLIxp6HMgVstDvLw,,Taking Care of Yourself,3,Decomposition,ELD,Lori Fuller,https://docs.google.com/document/d/1oolOgDQrfJI367ASvhm-ZOzwpvX8ff-CYOqkhqI36ZI/edit?tab=t.0,,,,,,
303,6,,,FALSE,,skipped--not directly related to the CT concept,Problem Solving When Facing a Challenge,3,Pattern Recognition,ELD,Lori Fuller,https://docs.google.com/document/d/1ROFdKeSk7Zkfn7tSxAirHAjJBfX62L0imWRzpuHU2Q0/edit?tab=t.0,,,,,,
304,4,12/4/2025,Charlie Henry,TRUE,https://drive.google.com/drive/folders/19CZ1tkQy1jpfIZbyxnwaOm_SKmTprclq,,Peter and the Wolf Instrumental Character Representation,3,Abstraction,ELA,Lori Fuller,https://drive.google.com/drive/folders/1Q7g5f-sLL7W23ycoofwcNC9lz4z6egDx?usp=drive_link,,,,,,
307,1,06/20/2025,Kelly Martin,FALSE,https://drive.google.com/drive/folders/1jk08fua2tZ6SLIzzQD4ftaDmN8271SZ5,,Animal Classification,3,Pattern Recognition,Science,Melanie Sprague,https://drive.google.com/drive/folders/1QeXiL4K-hj_J-p_U96iedoGa6R2m4vF4?usp=drive_link,,,,,,
308,2,11/7/2025,Charlie Henry,TRUE,https://drive.google.com/drive/folders/1dMmvmzd2okd002M138b4j9-jA88N6oef,,Animal Classification Lesson- 2,3,Abstraction,ELA,Melanie Sprague,https://docs.google.com/document/d/1ycKOFkuFp2hZBBfa0CvKB9WIPDAveXk5dmZPWY39YTQ/edit?tab=t.0,,,,,,
309,3,11/6/2025,Charlie Henry,TRUE,https://drive.google.com/drive/folders/1D5qc-SJkELdz_sn_pX4wi_CuMZl5lUT0,,Classroom Entry,3,Algorithms,SEL,Melanie Sprague,https://drive.google.com/drive/u/0/folders/1zoYlqFme6NF3VJYSe1xdRvAOKmK80LCc,,,,,,
310,4,10/19/2025,Kathleen Lemcke,TRUE,https://drive.google.com/drive/folders/1nr_gFof47uVNdJWevenr6j6lP7miyXiY,,Area of Irregular Shapes,3,Decomposition,Math,Melanie Sprague,https://drive.google.com/drive/folders/1Y7WnXD-KWVlsj_Uf_KlMrS_fU9-IMZoW?usp=drive_link,,,,,,
311,5,11/14/2025,Charlie Henry,TRUE,https://drive.google.com/drive/folders/1L32xbeaMShIHA_XxAndW1ClRZEt81LwL,,Catapults,3,Algorithms,ELA,Melanie Sprague,https://drive.google.com/drive/folders/19EiCHrlN2N8fb0FVz861Dy9FzsJk6oK1?usp=drive_link,,,,,,
312,6,,,FALSE,,Skipped-- unclear if this lesson meets a common core or social studies standard,Map Making,3,Abstraction,Social Studies,Melanie Sprague,https://drive.google.com/drive/folders/1JrljNYvnVwhwP6gKV9IHSIsHZ3oM0ruz?usp=drive_link,,,,,,
13,1,1/5/2026,Charlie Henry,TRUE,https://drive.google.com/drive/folders/1Hw4CruTdugxv5nuH1k0fU224scWW7VyD,,Idioms and Abstraction,4,Abstraction,ELD,Dylana,folder,,,,,,
29,1,,,FALSE,,Skipped--CT and academic content unclear,Social Exchanges,"3, 4",Pattern Recognition,ELD,Lori F.,folder,,,,,,
47,2,,,FALSE,,Skipped--CT and academic content unclear,Chores,"3, 4",Algorithms,ELD,Lori F.,folder,,,,,,
65,3,1/9/2025,Charlie Henry,TRUE,https://drive.google.com/drive/folders/1cVezmhoFeVxXeTff1nwGy3YkIudWiAcu,,Constructing Simple Sentences,"3, 4",Algorithms,ELD,Lori F.,Folder,,,,,,
85,4,1/9/2025,Charlie Henry,TRUE,https://drive.google.com/drive/folders/1JWwf8oru16IYiZU2ahcAVQma62cjPOri,,Asking Questions,"3, 4",Algorithms,ELD,Lori F.,Folder,,,,,,
105,5,1/8/2026,Charlie Henry,TRUE,https://drive.google.com/drive/folders/1RG2_oCQpPXSK0JD5em13evZTinpYFCby,,Decomposing a Paragraph,"3, 4",Decomposition ,ELD,Lori F.,folder,,,,,,
125,6,1/7/2026,Charlie Henry,TRUE,https://drive.google.com/drive/folders/1Kc3UUjVUk27IvWD-pBY5Sf1hbiNmLZdp,,Writing a Summary,"3, 4",Abstraction,"ELD, ELA",Lori F.,folder,,,,,,
7,1,,,FALSE,,,Decomposition of Math Expressions,4,Decomposition,Math ,Trish,folder,,,,,,
8,2,,,FALSE,,lesson plan is empty,Abstraction information from a Text,4,Abstraction,ELA,Trish,folder,,,,,,
9,3,,,FALSE,,,Newspaper Decomposition,4,Decomposition,ELA,Trish,folder,,,,,,
10,4,7/20/2025,Charlie Henry,TRUE,https://drive.google.com/drive/folders/1Vxee6edyJABTf0wtXbc_pRcsoQyoB5IM,,Pattern Recognition in Metric Measurement,4,Pattern Recognition,Math,Trish,folder,,,,,,
11,5,7/15/2025,Charlie Henry,TRUE,https://drive.google.com/drive/folders/1kA9W0e4tE_cZUB4M55nS6iKlxRg_y3mH,,Rewriting Lewis's Speech,4,Abstraction,Social Studies,Trish,folder,,,,,,
12,6,,,FALSE,,lesson plan is empty,Using an algorithm to understand word problems,4,Algorithms,Math,Trish,folder,,,,,,
18,6,1/20/2026,Charlie Henry,TRUE,https://drive.google.com/drive/folders/1Jo_ENlsZqmWnthfTzyFgye-dA9U-JJ7l,,Mulitisyllabic Word Decompostion,4,Decomposition ,ELD,Dylana,folder,,,,,,
36,1,,,FALSE,,,Introducing Algorithms using procedural writing.,4,Algorithms,ELA,Cory C,folder,,,,,,
40,1,,,FALSE,,,Intro to Pattern Recognition,4,Pattern Recognition,"Math, SEL",Estrella M.,folder,,,,,,
41,1,,,FALSE,,,Abstraction and Metaphor Monday,4,Abstraction,"SEL, ELA",Kathleen L.,folder,,,,,,
57,2,,,FALSE,,,Abstract Narrative Writing,4,Abstraction,ELA,Estrella M.,folder,,,,,,
58,2,,,FALSE,,,Decomposicion en las matematicas,4,Decomposition,Math,Kathleen L.,folder,,,Yes,,,
59,2,7/18/2025,Charlie Henry,TRUE,https://drive.google.com/drive/folders/1ompkc-dPmJmY9e-eWfqitDxjkwkH23xQ,,Using Abstraction to Summarize Text,4,Abstraction,ELA,Cory C,folder,,,,,,
77,3,,,FALSE,,,Patrones en problemas de palabras,4,Pattern Recognition,Math,Estrella M.,folder,,,Yes,,,
78,3,,,FALSE,,,What is the Rule?,4,Pattern Recognition,Math,Kathleen L.,folder,,,Yes,,,
79,3,7/19/2025,Charlie Henry,TRUE,https://drive.google.com/drive/folders/1wXrm4Wn26vCFFXyW1oQfEw_7uM9rZ5tw,,Tesselations in Art and Math,4,Pattern Recognition,"Math, Other",Cory C,folder,,,,,,
97,4,7/21/2025,Charlie Henry,TRUE,https://drive.google.com/drive/folders/1fFF6j2tW6zbKBKp_4B0ljWNyotwX_72g,,El ciclo de las rocas,4,Algorithms,ELA,Estrella M.,folder,,,Yes,,,
98,4,1/14/2026,Charlie Henry,TRUE,https://drive.google.com/drive/folders/1z2z1COBRggBmg8gXIL0qK3DQkMZBJmZZ,,Literary Device Poetry Patterns,4,Pattern Recognition,ELA,Kathleen L.,folder,,,Yes,,,
99,4,1/19/2026,Charlie Henry,TRUE,https://drive.google.com/drive/folders/1jgeHQEfrBkxn5heSeJbWFZ3Sxo4VA9zA,,Decomposition in Writing,4,Decomposition,ELA,Cory C,folder,,,,,,
117,5,,,FALSE,,,Patterns in Number Lines,4,Pattern Recognition,Math,Estrella M.,folder,,,Yes,,,
118,5,,,FALSE,,,Using algorithms to prepare a meal,4,Algorithms,ELA Cooking,Kathleen L.,folder,,,Yes,,,
119,5,6/28/2025,Charlie Henry,TRUE,https://drive.google.com/drive/folders/1Z5iPCEWZ9iHHjU7oP08Wn_Pxb0u9Z9dY,,Algorithms in Exercise,4,Algorithms,PE,Cory C,folder,,,,,,
137,6,,,FALSE,,,Convertir litros a mililitros,4,Pattern Recognition,Math,Estrella M.,folder,,,Yes,,,
138,6,1/13/2026,Charlie Henry,TRUE,https://drive.google.com/drive/folders/1oYBER39lxZECc-b8IQHep2FqmqUr_oAc,,Using algorithms in scientific modeling,4,Algorithms,Science,Kathleen L.,folder,,,Yes,,,
139,6,7/14/2025,Charlie Henry,TRUE,https://drive.google.com/drive/folders/1_qw9WmDmRjpn0oSCJVdrqXB8jtDuNVap,,Pattern Recognition in Math,4,Pattern Recognition,Math,Cory C,folder,,,,,,
214,1,06/24/2025,Charlie Henry,TRUE,https://drive.google.com/drive/folders/1cbDqLNEYtH2HUS0sUvwjEI3eGK71Vdig,,Equivalent Fraction Sort,4,Pattern Recognition,Math,Anne Collonge,https://drive.google.com/drive/u/0/folders/1-K4Km8GMMy90tM_8q4MReE-qf2gyAgcT,Finalized,,,,, 
215,2,7/12/2025,Charlie Henry,TRUE,https://drive.google.com/drive/folders/1R83QUEZ_ouIEa0Re96egLcaub_Xan33-,,How to Write a 5 paragraph Informational Essay,4,Algorithms,ELA,Anne Collonge,https://drive.google.com/drive/u/0/folders/1ME6Ks3QQ1oznkcPrh9AhrWKfeedUIpse,Finalized,,,,,
216,3,7/7/2025,Charlie Henry,FALSE,https://drive.google.com/drive/folders/18ZXjSRmEfwKUNQ9Q2rfBBuo6gU20aNXa,May be bumping into copyright with this one.,What is Family?,4,Decomposition,SEL,Anne Collonge,https://docs.google.com/document/d/1oB2yPzAFH3Btfa5ZGazbi-RuOWyw_I0wFqU1BMWmg9A/edit?tab=t.0,,,,,,
217,4,7/6/2025,Charlie Henry,TRUE,https://drive.google.com/drive/folders/1Y4WcjH2PJqdhkE35J0D6Tm7fzeQvnq08,,What tree diagram did the author use?,4,Abstraction,ELA,Anne Collonge,https://drive.google.com/drive/u/0/folders/1D4bvWlFsPO64olnj-Bbz3a47UD_TnRO9,Finalized,,,,,
218,5,7/17/2025,Charlie Henry,TRUE,https://drive.google.com/drive/folders/1fnCB7dgQeD2w7f3gNNm1uJz6w8N2Ny0H,,Organize the Essays,4,Pattern Recognition,ELA,Anne Collonge,https://drive.google.com/drive/u/0/folders/1ykR_Lef6yIbB_rT2S6THAa6bAGF58LCV,Finalized,,,,,
219,6,7/10/2025,Charlie Henry,TRUE,https://drive.google.com/drive/folders/1N0_cJowtmi0WvPFs8y_Rc8CAl88Ex495,,Coding with Ozobots,4,"Algorithms, Abstraction",Science,Anne Collonge,https://drive.google.com/drive/u/0/folders/1XIvJvag2yM-f4tCMyupdhWog9xaL6jMu,Finalized,,,,,
229,2,06/26/2025,Charlie Henry,TRUE,https://drive.google.com/drive/folders/1yLsxlf2aM95dLCemSKaD-OWGUBR_z6Bi,,Algorithms for Failure,4,Algorithms,SEL,Charlie Henry,https://drive.google.com/drive/u/0/folders/1OBbXdm17PIOZcfsuI6vHdbZEJcuJQACB,Finalized,,,,,
230,3,7/7/2025,Charlie Henry,TRUE,https://drive.google.com/drive/folders/1NiVpF_LBmkqJ8W6B0yHMd7SPN-qPSiR-,,Apostrophes,4,Pattern Recognition,ELA,Charlie Henry,https://drive.google.com/drive/u/0/folders/1gmt0UO-dJ_QHVyRQzMXRelsz9OZZsGZ7,Finalized,,,,,
231,4,06/23/2025,Charlie Henry,TRUE,https://drive.google.com/drive/folders/1hTF9aZveDC4pxHeBeoaCYE4d-HfQMy29,,Abstracting Time Immemorial,4,Abstraction,Social Studies,Charlie Henry,https://docs.google.com/document/d/1cQe6zOvg3quBJ8f7Hm8ptOt3Lu624KFJK7qeaquutt4/edit?tab=t.0,Finalized,,,,,
233,6,7/4/2025,Charlie Henry,TRUE,https://drive.google.com/drive/folders/11qVdvsK8MnF41T7BKnWTZGh-mIgdN_GK,,Decomposing Your Communities,4,Decomposition,SEL,Charlie Henry,https://drive.google.com/drive/u/0/folders/1g9_ta8HtlLamH0lPFK-T50o9nfvoXroU,Finalized,,,,,
236,1,01/18/2026,Charlie Henry,TRUE,https://drive.google.com/drive/folders/1AvFOYARrSEHbWWxVv9ChdzB8pWXlDGAN,,Pattern Recognition in Spelling Conventions,4,Pattern Recognition,ELA,Cory Carnes,https://drive.google.com/drive/u/0/folders/1JGzEDdMQebQqK8f3Hs191X-KM3jWZzzs,,,,,,
237,2,07/12/2025,Charlie Henry,TRUE,https://drive.google.com/drive/folders/1iLowVye8SQDNZ5T4tOlf3KxcLwR38sYw,,Decomposition in Essay Writing,4,Decomposition,ELA,Cory Carnes,https://drive.google.com/drive/u/0/folders/1q8AKOC1phz_okB0s8ZY6raeg2o2y-f6f,Finalized,,,,,
238,3,7/13/2025,Charlie Henry,TRUE,https://drive.google.com/drive/folders/10yGyd-JISt-wcgagrPBuSaQjUNorv3TP,,Abstracting Characters in Art,4,Abstraction,Other,Cory Carnes,https://drive.google.com/drive/u/0/folders/1b6USXxRceWwy821Dyx6T_M72vqbP5jF1,Finalized,,,,,
247,1,,,FALSE,,skipped--missing core concept integration,Defining CT concepts,4,"Decomposition, Pattern Recognition, Algorithms, Abstraction",ELA,Estrella Medrano,https://drive.google.com/drive/u/0/folders/1DRiFuBXnX6ct6SyF2z53W2cRS8vBtboL,,,,,,
248,2,06/25/2024,Charlie Henry,TRUE,https://drive.google.com/drive/folders/1qcyneHR88vBdCJQ45J37wPRuWJjFUGJp,,Native American Tribes--Oregon,4,Decomposition,Social Studies,Estrella Medrano,https://drive.google.com/drive/u/0/folders/1Uq2NDi6q_dpHw2h_3nV6AljOXcokqXYo,Finalized,,,,,
249,3,06/13/2025,Charlie Henry,TRUE,https://drive.google.com/drive/folders/1ttVoZCzuB1HvzJOfrQ-VrfJi2BCCrLX8,,Algorithm for similes and metaphors,4,Algorithms,ELA,Estrella Medrano,https://docs.google.com/document/d/1XScBVL9PDLt-YEyKtQzwbuLr6-NmMxG3DEchE5J4pcU/edit?tab=t.0,Finalized,,,,,
250,4,7/7/2025,Charlie Henry,TRUE,https://drive.google.com/drive/folders/1FSdGqCGi679EPleOdZ_8XeiV8A-H8XTc,,Perimeter and Area,4,Pattern Recognition,Math,Estrella Medrano,https://drive.google.com/drive/folders/1HgMqCQ4SIb9K1kEtmAtJgeJykZwoZTbL?usp=drive_link ,Finalized,,,,,
333,5,7/17/2025,Charlie Henry,TRUE,https://drive.google.com/drive/folders/1u5UK368RktdFsN1wqcBhsgCUnXsn_AkO,,Comparing Fractions,4,Pattern Recognition,Math,Estrella Medrano,https://docs.google.com/document/d/1noLP3W2gMOxyFBHRQIzUQhvghXuIR4Vo79KCipaJHo4/edit?usp=drive_link,Finalized,,,,,
334,6,7/3/2025,Charlie Henry,TRUE,https://drive.google.com/drive/folders/1QpEOcFbad4wrcF2gpUIv4v1m0dqfFpEy,"This was kind of an epic to finalize—if someone else wants to look over it, I'm all about that!",Identifying 2D shapes,4,Decomposition,Math,Estrella Medrano,https://docs.google.com/document/d/1dnyj241QicBycb32wtBq7wCS9mFdOwpamz3q1FJC3iI/edit?usp=sharing,Finalized,,,,,
343,4,7/9/2025,Charlie Henry,TRUE,https://drive.google.com/drive/folders/1RnG2x16hN19k1MCi_WzyFV9nMOQX7fg2,,Algorithms and Transitional Words,4,Algorithms,ELA,Cory Carnes,https://docs.google.com/document/d/1yPpF37zOgbIYr38GKRs2nT6vSnQQAO_aY_MHGstqbgo/edit?usp=drive_link,Finalized,,,,,
344,5,7/13/2025,Charlie Henry,TRUE,https://drive.google.com/drive/folders/15uYKl66aIj6qmh-9WSdad_nSLgxeB4SK,,Marshmallow and Toothpick Constructions,4,Algorithms,ELA,Cory Carnes,https://docs.google.com/document/d/1b9cvSqpDq9M40TocMNvTHCZTtSdXJdnIMUqtKUb773A/edit?usp=drive_link,Finalized,,,,,
345,6,7/6/2025,Charlie Henry,TRUE,https://drive.google.com/drive/folders/1YItXd-IrQWjLsyAnh_rls5LkM1cYsEwH,,Abstraction in Literature: Summary Writing,4,Abstraction,ELA,Cory Carnes,https://docs.google.com/document/d/1hDf_0b9s9Oz0afxNUI6p_EoixDwFeYLatmfdsbUJVI8/edit?usp=drive_link,Finalized,,,,,
38,1,10/31/2025,Charlie Henry,TRUE,https://drive.google.com/drive/folders/16QiHmbeG81QZfl8c7jyHejZfPUcRmR7s,,Abstracting Identity,"4, 5",Abstraction,SEL,Anne C,folder,,,,,,
39,1,7/12/2025,Charlie Henry,TRUE,https://drive.google.com/drive/folders/1G0N52WyuBAICQF49Tz5js7XMmVrcNgJR,,Decomposing Identity,"4, 5",Decomposition,SEL,Charlie H.,folder,,,,,,
76,3,7/15/2025,Charlie Henry,TRUE,https://drive.google.com/drive/folders/1GraAu807ahk_ozBKhvmMMdRB_Q-o3bk5,,Juggling CT,"4, 5",Pattern Recognition,PE,Charlie H.,folder,,,,,,
96,4,6/30/2025,Charlie Henry,TRUE,https://drive.google.com/drive/folders/1Fx3HRSwns6-Vz8f3-xL9V4t5L_BIJJUf,,Editing and Revising,"4, 5",Algorithms,ELA,Charlie H.,folder,,,,,,
136,6,7/19/2025,Charlie Henry,TRUE,https://drive.google.com/drive/folders/1s68_P7-zEhC3EyVimD6fO4BP7V4vp03k,,Decomposing Opinion Writing,"4, 5","Abstraction, Decomposition, Pattern Recognition",ELA,Charlie H.,folder,,,,,,
232,5,6/29/2025,Charlie Henry,TRUE,https://drive.google.com/drive/folders/1wI1eL5BE_I9t4bwGcnCo96XcjT6HW9wO,,Peer Feedback Algorithms,"4, 5",Algorithms,ELA,Charlie Henry,https://drive.google.com/drive/u/0/folders/19DoKolG90RhvjLDUQI5wT_Y9be386DUk,Finalized,,,,,
37,1,10/19/2025,Charlie Henry,TRUE,https://drive.google.com/drive/folders/1cmbG1Bv71_uBwSLK0gRtm4_K4Jnnagvv,,Decomposing a Minecraft Creeper,5,Decomposition,Math,Max S.,folder,,,,,,
54,2,1/19/2026,Charlie Henry,TRUE,https://drive.google.com/drive/folders/1Nwu2Z4_8_GW-c1KLm6PWeVOKCDERW8Zf,,Bird Names Pattern Recognition,5,Pattern Recognition,ELA,Max S.,folder,,,,,,
55,2,7/1/2025,Charlie Henry,TRUE,https://drive.google.com/drive/folders/1PhQMTrFxY9sYqvJO549-ltAahqDXsFrs,,What Happens When you Multiply a Whole Number by a Fraction?,5,Pattern Recognition,Math,Anne C,folder,,,,,,
56,2,7/13/2025,Charlie Henry,TRUE,https://drive.google.com/drive/folders/18rX5f5HA9HMaBTiErVaC1JDD7EcVA9d9,,Coordinate Algorithms,5,Algorithms,Social Studies,Charlie H.,folder,,,,,,
74,3,7/28/2025,Charlie Henry,TRUE,https://drive.google.com/drive/folders/1rV0IN4FacORWor0cOa6HEpw9Hlfby1Yl,,Captain Jack Abstraction,5,Abstraction,Social Studies,Max S.,folder,,,,,,
75,3,7/23/2025,Charlie Henry,TRUE,https://drive.google.com/drive/folders/1k_7BiZ92ZBNdpgswkDZZlDD6T09qqR0k,,Emotional Regulation Plan,5,Algorithms,SEL,Anne C,folder,,,,,,
94,4,10/21/2025,Charlie Henry,TRUE,https://drive.google.com/drive/folders/1dksjZBmKdmjzBfQsDx7hc7taRCWptJTM,,Patterns in Stories,5,Pattern Recognition,ELA,Max S.,https://drive.google.com/drive/folders/1XUdmawpJv4DisDN2jdKq9IF9qbkQs50x,,,,,,
95,4,,,FALSE,,,Decomposing an Essay,5,Decomposition,ELA,Anne C,folder,,,,,,
114,5,10/28/2025,Charlie Henry,TRUE,https://drive.google.com/drive/folders/1SY2xysip8lRp4xBiY1Tv54rBxHQSo_uF,,Hero's Journey,5,Pattern Recognition,ELA,Max S.,folder,,,,,,
115,5,,,FALSE,,,Write a Letter from Your Name with a Robot,5,Algorithms,Science,Anne C,folder,,,,,,
116,5,7/18/2025,Charlie Henry,TRUE,https://drive.google.com/drive/folders/1ieRNmG4jRuCTxDzNNjnhd2mQkGJlWXgW,,Abstracting Conflict,5,Abstraction,ELA,Charlie H.,folder,,,,,,
134,6,11/2/2025,Charlie Henry,TRUE,https://drive.google.com/drive/folders/1cB2FA37F2GRuoVHHP4fNixV87vpJVvc9,,Patterns in Poetry,5,Pattern Recognition,ELA,Max S.,folder,,,,,,
135,6,,,FALSE,,,Guardians of the Galaxy Game,5,Algorithms,"PE, Math",Anne C,folder,,,,,,
200,1,07/31/2025,Charlie Henry,TRUE,https://drive.google.com/drive/folders/14DVs3l3twBFd43iud8Qfd8RHGRlzYN4e,,Sloth Paraphrasing,5,Abstraction,ELA,Amy Hartley,https://drive.google.com/drive/folders/1vpqclwGsQ-NzKch4uMm4UZuV_k93eNBQ?usp=drive_link,Finalized,,,,,
201,2,07/30/2025,Charlie Henry,TRUE,https://drive.google.com/drive/folders/17Xr1qZxEYfIKiDlLO5MkeuLD8BRvJnop,,Comparing and Rounding Decimals,5,Algorithms,Math,Amy Hartley,https://docs.google.com/document/d/1d4r6D-inHvR-hArXDAR0P5ORN3xd-g_xsLuvy2mDreI/edit?usp=sharing,Finalized,,,,,
202,3,07/28/2025,Charlie Henry,TRUE,https://drive.google.com/drive/folders/1db_dJV6_sXwYrDjWP_n-TCVKEU10B4G6,,Recognizing patterns within a conflict to find a peaceful resolution,5,Pattern Recognition,SEL,Amy Hartley,https://docs.google.com/document/d/1jMuLo37baq2fdJf0umcZ8FhZM2JlTzuuDA1AdfdSSQQ/edit?usp=sharing,Finalized,,,,,
203,4,,,FALSE,,Skipped--unsure how content-rigorous this one is,Decomposing the steps to make the farthest flying airplane,5,Decomposition,Science,Amy Hartley,https://drive.google.com/drive/folders/1fAlmT7evTJUkjPa_ey47mL_wQI6bZhJd,,,,,,
204,5,,,FALSE,,"Skipped--rigor, CT concept unclear",Decomposing an image of pattern blocks,5,Decomposition,Math,Amy Hartley,https://drive.google.com/drive/u/0/folders/10xbKV83URNdjvdoaZTD7wbEcy-O9U5CZ,,,,,,
205,6,12/6/2025,Charlie Henry,TRUE,https://drive.google.com/drive/folders/1C3JwKvWvxRqFSuTrVmqHb2la-D_PcrTm,,Algorithms With Lego Bricks,5,Algorithms,ELA,Amy Hartley,https://drive.google.com/drive/u/0/folders/1z_Gl88VdRuZ3u5kwyUOfUpRhvUTCqdDJ,,,,,,
228,1,7/11/2025,Charlie Henry,TRUE,https://drive.google.com/drive/folders/137qC9cggfmemy9ar4o6z1STNeq-8EWWE,,Patterns in Poetry,5,Pattern Recognition,ELA,Charlie Henry,https://drive.google.com/drive/u/0/folders/1zo5LL7IXIyF2AG6e7y0YrDmcPusKPtdY,Finalized,,,,,
305,1,,,FALSE,,Skipped--incomplete lesson plan,Patterns in Science,5,Pattern Recognition,Science,Max Schmeling,https://drive.google.com/drive/u/0/folders/1ZE-3RQF7352ptVetlrEEsncHfM_MRW3D,,,,,,
306,2,,,FALSE,,Skipped--incomplete lesson plan,Salmon development Algorithm,5,Algorithms,Science,Max Schmeling,https://docs.google.com/document/d/1U7d2xN-4aklwNT9zC0mpI3ubJBcOog0cRWkBbRfKVkA/edit?usp=sharing,,,,,,
327,1,9/17/2025,Charlie Henry,TRUE,FINALIZED Dorr_Y3L1_Math_Abs_LessonPlan,,Abstraction in Rectangular Prisms,5,Abstraction,Math,Trish Dorr,https://drive.google.com/drive/u/0/folders/1N3NyRNGKdx4-tiufg0qT4b6SoUEtD5hY,,,,,,
328,2,12/8/2025,Charlie Henry,TRUE,https://drive.google.com/drive/folders/1g15TS2mpS4rqgM34XjUEBsUvxSFvq32h,,Abstraction in Fraction Representation,5,Abstraction,Math,Trish Dorr,https://drive.google.com/drive/u/1/folders/1SOcNXh2hZfax5q8j6DyBDGGyvAIy_PKb,,,,,,
329,3,07/24/2025,Charlie Henry,TRUE,https://drive.google.com/drive/folders/1-u_AYT0ZzNSMFgMAP19hfBRKtUoZjbpG,,Decomposing the Elements of a River,5,Decomposition,Science,Trish Dorr,https://drive.google.com/drive/u/0/folders/1vZpI6dkD4Wu2erx1hhuf-m9UYmZEz_Xe,Finalized,,,,,
330,4,07/25/2025,Charlie Henry,TRUE,https://drive.google.com/drive/folders/1pUic1Z5NcM9KSJ3a4S-lUtH8TreGO551,,Algorithms for Adding Decimals,5,Algorithms,Math,Trish Dorr,https://drive.google.com/drive/u/0/folders/1Veb3njpQ7lSemTnntkjMJs-h8lTHrTGW,Finalized,,,,,
331,5,10/11/2025,Charlie Henry,TRUE,FINALIZED Dorr_Y3L5_PR_Sci_LessonPlan,,Recognizing Patterns in Predator/Prey Population Cycles,5,Pattern Recognition,Science,Trish Dorr,https://drive.google.com/drive/u/0/folders/1etvZZU7YGaVHQcHR1SxVNn-tjUnAlCiQ,,,,,,
332,6,10/7/2025,Charlie Henry,TRUE,FINALIZED Dorr_Y3L6_SEL_Alg_LessonPlan,,Building Connections while Building with Legos,5,Algorithms,SEL,Trish Dorr,https://drive.google.com/drive/u/0/folders/1sazdl49bK2lDj5U4V6jnGsIVWa5w9Odh,,,,,,
24,1,08/23/2025,Shannon Wellsteed,FALSE,,Lesson repeated in 2024/25 by peer,The Hungry Caterpillar,K,Pattern Recognition,"ELA, Other",Beth L.,folder,,,,,,
25,1,08/23/2025,Shannon Wellsteed,FALSE,,Lesson repeated in 2024/25 by peer,Pumpkin Life Cycle Pattern Books,K,Pattern Recognition,ELA,Lauren M.,folder,,,,,,
26,1,08/23/2025,Shannon Wellsteed,TRUE,https://drive.google.com/drive/folders/1F8egqnDDM91qkf1V2WaIxMFdDW07XaRc?usp=drive_link,,Number Abstraction,K,Abstraction,Math,Jeni H.,folder,,,,,,
42,2,08/21/2025,Shannon Wellsteed,FALSE,,Copyright of little books and change of types of pattern through whole lesson may confuse kindergarten,Pattern Recognition/Walk and Sight Word Pattern Book,K,Pattern Recognition,ELA,Beth L.,folder,,,,,,
43,2,08/21/2025,Shannon Wellsteed,TRUE,https://drive.google.com/drive/folders/1EEIMFTvabXAI4S2s_BLDDs-FPSGfOCme?usp=drive_link,Does not meet all points of checklist but is more focused on finding patterns rather than creating patterns. Great lesson for an introduction,I Can Notice Patterns,K,Pattern Recognition,ELA,Lauren M.,folder,,,,,,
44,2,08/21/2025,Shannon Wellsteed,TRUE,https://drive.google.com/drive/folders/1OFDVOMqHA0gIbsbvgM6QI1VvIq3HNUJP?usp=drive_link,,Compound Word Game,K,Decomposition,ELA,Jeni H.,folder,,,,,,
60,3,08/21/2025,Shannon Wellsteed,TRUE,https://drive.google.com/drive/folders/1EEcH1heNmEw2QpUlBWUE5qt1huURm3j1?usp=drive_link,,Decomposing CVC words,K,Decomposition,ELA,Beth L.,Folder,,,,,,
61,3,08/20/2025,Shannon Wellsteed,TRUE,https://drive.google.com/drive/folders/1wTKaEqAquFU-Cfu2vPvPXU9Y0Dckvyv6?usp=drive_link,,I can Sound Out a Word,K,Decomposition,ELA,Lauren M.,Folder,,,,,,
62,3,08/20/2025,Shannon Wellsteed,TRUE,https://drive.google.com/drive/folders/1cF_somHFSbjAVcG_6l7Po78Ex_gKZhIn?usp=drive_link,,Pattern Recognition of Old Mac Donald had a farm,K,Pattern Recognition,ELA,Jeni H.,Folder,,,,,,
66,3,,,FALSE,,,What makes a shape,K,Decomposition,Math,Shannon,,,,,,,
80,4,08/19/2025,Shannon Wellsteed,TRUE,https://drive.google.com/drive/folders/1CPH_vKnx5QUnPQXSw2_x4ZcgYCPAvkzt?usp=drive_link,,Algorithm Skits and Comic Strips,K,Algorithms,"ELA, Other",Beth L.,Folder,,,,,,
81,4,08/19/2025,Shannon Wellsteed,TRUE,https://drive.google.com/drive/folders/1O9kJ5qXliMDeUivJjNJ_YSyRsv9weoYV?usp=drive_link,,I can Decompose Numbers,K,Decomposition,Math,Lauren M.,Folder,,,,,,
82,4,08/19/2025,Shannon Wellsteed,TRUE,https://drive.google.com/drive/folders/1BC6c74PP5QH7iOlKpMXTU7SUV_mZ1oNm?usp=drive_link,,Cluck Cluck Chicken Life Cycle,K,Algorithms,"ELA, Science",Jeni H.,Folder,,,,,,
86,4,,,FALSE,,,Hand washing,K,Algorithms,ELA,Shannon,,,,,,,
100,5,08/17/2025,Shannon Wellsteed,TRUE,https://drive.google.com/drive/folders/1HZ3F6B_U56Ta96M8nEuUhg8BWLIJ8zno?usp=drive_link,,How to Solve a Story Problem,K,Algorithms,Math,Beth L.,Folder,,,,,,
101,5,08/16/2025,Shannon Wellsteed,TRUE,https://drive.google.com/drive/folders/1D_sfzt6djOScXTFidr-HKZPswbif0OUK?usp=drive_link,,I Can Write a How To Book,K,Algorithms,ELA,Lauren M.,folder,,,,,,
102,5,08/16/2025,Shannon Wellsteed,TRUE,https://drive.google.com/drive/folders/1uz5rzeJbLVnKOiTDqbjCHDmxq1oqXYRR?usp=drive_link,,Abstraction Flower Math,K,Abstraction,Math,Jeni H.,Folder,,,,,,
106,5,,,FALSE,,,PE Patterns,K,Pattern Recognition,PE,Shannon,,,,,,,
120,6,08/16/2025,Shannon Wellsteed,TRUE,https://drive.google.com/drive/folders/1PsCZW0lgAk9eh0l2IiGJzGIQNP9fqUCo?usp=drive_link,,Nonfiction Animal Books,K,Abstraction,"ELA, Science",Beth L.,folder,,,,,,
121,6,08/16/2025,Shannon Wellsteed,TRUE,https://drive.google.com/drive/folders/1GjxQ7wq1yxl8PY9W9urdcxIPHOLSDD9L?usp=drive_link,,Abstractions About Me Book,K,Abstraction,"ELA, Other",Lauren M.,folder,,,,,,
122,6,,,FALSE,,Folder is empty,Bucket Filling,K,Abstraction ,SEL,Jeni H.,folder,,,,,,
126,6,,,FALSE,,,Flowers Around School,K,Algorithms,ELA,Shannon,,,,,,,
206,4,07/15/2025,Shannon Wellsteed,TRUE,https://drive.google.com/drive/folders/11i7LPJVINmxSw12XuuMGdZMTpkOuFKzY?usp=drive_link,,What are living and nonliving things?,K,Algorithms,Science,Amy Hartley- adapted by Amy Calavan,https://docs.google.com/document/d/1C7z7fGJ3YJWb8F_SqZBU5KW3NoS5IKgyI8fWP5wStwE/edit?usp=sharing,Finalized,,,,,
213,6,07/07/2025,Shannon Wellsteed,TRUE,https://drive.google.com/drive/folders/1EHO6eEHu5IqXEXL4p7O4Vo69AY7NWiAw?usp=drive_link,,Park Features,K,Decomposition,ELA,Amy Kneeland,https://drive.google.com/drive/folders/1SDtgjU5xpPnnUpxg6HnWM2FcvoPuYEN6?usp=drive_link,Finalized,SOME lessons like this one were adopted from others and may be nice to list as a K-2 lesson rather than K version and 2 version (maybe from last year),,,,
220,1,07/03/2025,Shannon Wellsteed,TRUE,https://drive.google.com/drive/folders/1MGkOhAwF9ZoNKHaw3RQk7GVpjhGqhKuQ?usp=drive_link,,Creating Calendar Patterns,K,Pattern Recognition,Math,Beth Lawrence,https://drive.google.com/drive/folders/1S76h5tFw7wuSGMnpHvwiahmjFVX5Venb,Finalized,,,,,
221,2,07/09/2025,Shannon Wellsteed,TRUE,https://drive.google.com/drive/folders/15Ccdep4JmdEnD1kfAY7j_Lnoo8cbpAHX?usp=drive_link,,Looking for Patterns in Books,K,Pattern Recognition,ELA,Beth Lawrence,https://drive.google.com/drive/folders/1V1N4a9pPSON29gSoBxWrCvTywdg-2LNW,Finalized,,,,,
222,3,07/09/2025,Shannon Wellsteed,FALSE,https://drive.google.com/drive/folders/1sdqBBiV_t3SIrq2VNp7G9Ju6il70NFGO?usp=drive_link,This is a great lesson but I need help making it fit into the checklist,The Pattern of Growth Mindset,K,Pattern Recognition,SEL,Beth Lawrence,https://docs.google.com/document/d/1ZDMXeY_mq4HpdxU9C96Q3n4ZdtDrvW6r8d1C1glpTY0/edit?tab=t.0,,,,,,
223,4,10/26/2025,Shannon Wellsteed,TRUE,https://drive.google.com/drive/folders/1V3G6wqD1w2XE0-KDNtsAUDknRQ_dWOG3?usp=drive_link,Slides are now updated 10/26/25,Decomposing Fact Families,K,Decomposition,Math,Beth Lawrence,https://docs.google.com/document/d/1Tv7pUCxtlcHL47fffZW38xhOkSo5TlFAMplH28j7Nu0/edit?tab=t.0,,,,,,
224,5,10/26/2025,Shannon Wellsteed,TRUE,https://drive.google.com/drive/folders/1ObZRoghEO-mTU1DjViG3TqmHMHR8JVXt?usp=sharing,Slides are now updated 10/26/25,Forces in our World,K,Abstraction,Science,Beth Lawrence,https://drive.google.com/drive/folders/1J_2p0CdjCRMqquRiQp90Yv502TLNIJ-G,,,,,,
225,6,07/09/2025,Shannon Wellsteed,FALSE,https://drive.google.com/drive/folders/1rx65hCkcC-OdrczT6UroAF5Dvk0pU7_3?usp=drive_link,Fun lesson but with 3 CT concepts I am unsure how to do the cheklist,What Makes a Car Move?,K,"Abstraction, Decomposition, Algorithms",Science,Beth Lawrence,https://docs.google.com/document/d/1nuLMg44n9922-HbUVcJ2L2ucL4wYMdYARdThY90w_Eo/edit?tab=t.0,,,,,,
226,2,07/15/2025,Shannon Wellsteed,TRUE,https://drive.google.com/drive/folders/1VAxTUsrIOKz7XFbVVjCbNsrlXl667ixN?usp=drive_link,,The Hungry Caterpillar: Looking for Patterns,K,Pattern Recognition,ELA,Beth Lawrence (Revised by Amy Calavan),https://docs.google.com/document/d/1mcR9bEq1mQz70qxmyCo1rUPGGTX67HqLlneF6tOW73o/edit?usp=drive_link,Finalized,,,,,
227,3,07/15/2025,Shannon Wellsteed,FALSE,https://drive.google.com/drive/folders/1uBdXOmF4p7zq2nJYWRw6MmL12Thgk1tp?usp=drive_link,Very hard to follow- stopped working on,Abstracting Information from Text: What is the most important information?,K,Abstraction,ELA,Beth Lawrence (Revised by Amy Calavan),https://docs.google.com/document/d/1h0PBfHQPe-NQ97rXv23F_v9YYhra-T4sbgR8Kg_AB_A/edit?usp=drive_link,,,,,,
264,1,6/13/25,Shannon Wellsteed,TRUE,https://drive.google.com/drive/folders/1hF2_NlK6rj8Tq59OcM4TulfYo_F1iHn8?usp=drive_link,,How Do We Get to the Gym?,K,Algorithms,Math,Jeni Hawkins,https://drive.google.com/drive/folders/1vP-vuMbfSLB660PiAv6hDn22lTD5Vzcj,Finalized,,,,,
265,2,07/07/2025,Shannon Wellsteed,TRUE,https://drive.google.com/drive/folders/1v8iTVurxF6F_a-eIEgG_ZItS5pkYnD0w?usp=drive_link,,Can I Identify the Pattern?,K,Pattern Recognition,Math,Jeni Hawkins,https://drive.google.com/drive/folders/1fo4ScA0mKQZh1QBHgwajzm20L1Q07FAr,Finalized,,,,,
266,3,07/09/2025,Shannon Wellsteed,TRUE,https://drive.google.com/drive/folders/1Ytmx79jGY51ozl7_vZBN_BqEtqjc7rv1?usp=drive_link,,Algorithm: From Farm to Table,K,Algorithms,"ELA, Science",Jeni Hawkins,https://docs.google.com/document/d/1ytrbiyEGKx16_FhHuYHptaedP3CcGmIvV4_BgsQTDtg/edit?usp=sharing,Finalized,,,,,
267,4,07/10/2025,Shannon Wellsteed,FALSE,https://drive.google.com/drive/folders/1vMvcypNsJdgMqWHxm0ixd7Ytofyv9nA_?usp=drive_link,Copyright on book may make this lesson unable to publish,What Color is it?,K,Abstraction,ELA,Jeni Hawkins,Hawkins_Y3L4_ELA_ALG_LessonPlan,,,,,,
275,1,07/09/2025,Shannon Wellsteed,FALSE,,"There is No lesson plan here, looked in teacher folder as well",Using abstraction to create classroom agreements in Kindergarten,K,Abstraction,SEL,Kathleen Lemcke,https://drive.google.com/drive/folders/1bSUk4k2kCHs1AlcoRyrkbi_rlc7wl3lu,,,,,,
276,2,07/09/2025,Shannon Wellsteed,TRUE,https://drive.google.com/drive/folders/1aJifzAfwoMRkurGDgRgSlf5QdnRru4dK?usp=drive_link,,The Most Important thing about Me: Abstracting ourselves,K,Abstraction,ELA,Kathleen Lemcke,https://docs.google.com/document/d/1gHC1oCAShLapAgoWxqwlqDzwSgv4gzeInBU8Vh0gpQ8/edit?usp=drive_link,Finalized,,,,,
277,3,07/07/2025,Shannon Wellsteed,TRUE,https://drive.google.com/drive/folders/1FAgM_UUOQa4qRA7g-As2QwYNrwXv7QSC?usp=drive_link,Some vocabulary is spanish and english,Algorithm for planting seeds,K,Algorithms,Science,Kathleen Lemcke,https://docs.google.com/document/d/1pTakgWWjQerpSuRZ2R3cqNZVAnn9mgkZTJ6Ox0fKjwc/edit?tab=t.0,Finalized,"vocabulary is in English and Spanish, lesson is only in English.",Yes,,,
278,4,07/07/2025,Shannon Wellsteed,TRUE,https://drive.google.com/drive/folders/1Qy_CbYlM2SZxYoSO9K_tbOnkFnBCVLIq?usp=drive_link,Some vocabulary is spanish and english,Algorithms for Counting Shapes,K,Algorithms,Math,Kathleen Lemcke,https://drive.google.com/drive/u/0/folders/1TXQjEebsPkwLaywN4SN8jpYMgtLSvuQx,Finalized,,Yes,,,
291,1,07/10/2025,Shannon Wellsteed,TRUE,https://drive.google.com/drive/folders/1ANp9q_1f9pVpqzejwJqlUeXJGgxjymdI?usp=drive_link,,Patterns Introduction,K,Pattern Recognition,Other,Lauren McGowne,https://drive.google.com/drive/folders/1yXx4zidc4bCqp1nsQgwIgiD7XmIdXfiu,Finalized,,,,,
292,2,07/10/2025,Shannon Wellsteed,TRUE,https://drive.google.com/drive/folders/1WJrpok8qk0ipcuHXUZG6-PIcVp9qihEf?usp=drive_link,,Patterns All Around - a lesson for after having taught patterns,K,Pattern Recognition,Science,Lauren McGowne,https://docs.google.com/document/d/1o1xriyix_55Jps71ZwI4W3ekQmn_kjcULiNWuc9IVOY/edit?tab=t.0,Finalized,,,,,
293,3,07/10/2025,Shannon Wellsteed,TRUE,https://drive.google.com/drive/folders/1s2VIBPJn7KK9NL6xjNR0wVVaSnIhmGMU?usp=drive_link,Formatting on this one is fighting me. I can not get the Main Body label of the lesson to stay with the text. 8/14-Dylana fixed :),"What is an Algorithm, let's debug one",K,Algorithms,SEL,Lauren McGowne,https://docs.google.com/document/d/1U7ifFYzRSQuqHP9Xi_ca07ryne0TsJHokig5yI48TmU/edit?tab=t.0,Finalized,,,,,
294,4,07/10/2025,Shannon Wellsteed,TRUE,https://drive.google.com/drive/folders/1N7_au9s6gnVjVYBUOO9cGxtklONwH5BZ?usp=drive_link,,I have a problem,K,Algorithms,SEL,Lauren McGowne,Y3 - Kindergarten - Algorithm- Lesson 3,Finalized,,,,,
295,5,07/04/2025,Shannon Wellsteed,TRUE,https://drive.google.com/drive/folders/1HzNkGJ7TGbJ_Jjjlt8THaY66nXVVisfw?usp=drive_link,,Community Workers,K,Abstraction,Social Studies,Lauren McGowne,https://docs.google.com/document/d/14IHKCB_2UCfMNm2ua3HS7YQi8Tuo8Yaonn1XJk0qiZw/edit?tab=t.0,Finalized,,,,,
296,6,07/04/2025,Shannon Wellsteed,TRUE,https://drive.google.com/drive/folders/1q8GyOj_rNv3xuU9QjCdYzAWE6LTb5Ayy?usp=drive_link,"Continuation of lesson dirrectly above ""Community Workers""",Community Map Abstractions,K,Abstraction,Social Studies,Lauren McGowne,https://drive.google.com/drive/u/0/folders/1gcIK4YVYlrztnu_zBjW8SckXAHSrij0P,Finalized,,,,,
297,1,07/14/2025,Shannon Wellsteed,FALSE,https://drive.google.com/drive/folders/1EVqA0TYbrmbT_3jslI_JbnApr1lnqiiz?usp=drive_link,Exact repeat of lesson done by Lauren McGowne- stopped working on,Patterns all around,K,Pattern Recognition,Science,Lauren McGowne adapted by Amy Calavan,https://drive.google.com/drive/folders/14Ed9UeCQNg4IxziH1ssbvhSgWJ6fuJBR?usp=drive_link,,,,,,
316,1,07/02/2025,Shannon Wellsteed,TRUE,https://drive.google.com/drive/folders/1C_O3b4UW5Gqi3OvkVewvzSGJlY6biCCp?usp=drive_link,,Emoji Feeling Identification,K,Abstraction,SEL,Shannon Wellsteed,https://drive.google.com/drive/folders/1V7k0_7rzaGsNTY3vJhTfoy_vKRgE1ZGk?usp=drive_link,Finalized,,,,,
317,2,07/02/2025,Shannon Wellsteed,TRUE,https://drive.google.com/drive/folders/15u2RPTVC9r74z9rdQTRwbTMcYf50IrcW?usp=drive_link,,Abstract Summaries of a picture book,K,Abstraction,ELA,Shannon Wellsteed,https://drive.google.com/drive/folders/16P9cU4wq4RPxrWL98o4TiuYFkXDnS8qp?usp=drive_link,Finalized,,,,,
318,3,07/02/2025,Shannon Wellsteed,TRUE,https://drive.google.com/drive/folders/1Gpb1F2j4nUhOurOe294iEoK1ZKeYpFL6?usp=drive_link,,Winter Patterns,K,Pattern Recognition,Science,Shannon Wellsteed,https://docs.google.com/document/d/15eeu25LlxgsMAVn_RkrROi-k56trJngAEkFFrMU4mws/edit?usp=drive_link,Finalized,,,,,
319,4,07/02/2025,Shannon Wellsteed,TRUE,https://drive.google.com/drive/folders/1GsurGz8AOOXma7U9QZVZoVE5M8vI_rRx?usp=drive_link,,Movement patterns,K,Pattern Recognition,PE,Shannon Wellsteed,https://docs.google.com/document/d/1aLI0dGtch5Xe9gCllnvwVxZrVLI7fXukLKf5jqdXDo8/edit?usp=drive_link,Finalized,,,,,
320,5,07/02/2025,Shannon Wellsteed,TRUE,https://drive.google.com/drive/folders/1U1ivZ1JNPsCE1C7Rs0fiAKo5Z_rYrWuF?usp=drive_link,,Decomposition of Music,K,Decomposition,Other,Shannon Wellsteed,https://docs.google.com/document/d/1soQmBC8AA8-vNxtNS7deSrichiP9KF_cyBm1YTF5ofk/edit?usp=share_link,Finalized,,,,,
321,6,07/03/2025,Shannon Wellsteed,TRUE,https://drive.google.com/drive/folders/1cJb0uU-xFSYOLqpqiEn9Z-tjpGr3j9FD?usp=drive_link,,Imagination Playground clean up,K,Algorithms,SEL,Shannon Wellsteed,https://docs.google.com/document/d/12HbPEUHbRBTuR480lZ_hsqeDFWYjdbAxvxKILH995gA/edit?usp=sharing,Finalized,,,,,
337,5,07/08/2025,Shannon Wellsteed,TRUE,https://drive.google.com/drive/folders/1daQJZ6VmUy2x3Q4XAyfoZRftqIgMU4q9?usp=drive_link,,How to Make a Pizza,K,Algorithms,Social Studies,Jeni Hawkins,Hawkins_Y3L5_Algorithm_SS_LessonPlan,Finalized,,,,,
338,6,07/08/2025,Shannon Wellsteed,TRUE,https://drive.google.com/drive/folders/1tPDf7t08a-R5YhvIQ-SJZegUo1u0j269?usp=drive_link,,Breaking Down the Parts of a Pizza,K,Decomposition,"ELA, SEL",Jeni Hawkins,Hawkins_Y3L6_DECOMPOSTION_Social studies,Finalized,,,,,
339,5,07/08/2025,Shannon Wellsteed,TRUE,https://drive.google.com/drive/folders/15u4HOcV8HetlZFUj8nIKipEXY3rVKjvx?usp=drive_link,,Word Patterns and Rhyming,K,Pattern Recognition,ELA,Kathleen Lemcke,https://docs.google.com/document/d/1937AtJT_iQjSlK8llDtl6ntUBZsNTgp4eNVM92s_AeM/edit?tab=t.0,Finalized,,,,,
340,6,07/07/2025,Shannon Wellsteed,TRUE,https://drive.google.com/drive/folders/1hFoAM9h7N8fRBy8FnhHe-OU2ic9jomLl?usp=drive_link,,Decomposing teen numbers,K,Decomposition,Math,Kathleen Lemcke,https://docs.google.com/document/d/1cmZHDEYBqL7lappGOq8L1Ax3uRSK3Y1OpZiMbtJU_9E/edit?tab=t.0,Finalized,,,,,
341,5,08/05/2025,Shannon Wellsteed,FALSE,https://drive.google.com/drive/folders/1OcQODICAgU3DkU9jiw5DEW-1D9YKyc1D?usp=drive_link,stopped working on because it will take a lot of changes to make it publishable ,Algorithm of a Craft,K,Algorithms,Other,Amy Calavan,https://docs.google.com/document/d/1LUJUqepRsxnbCWY9xFEoPuZEWUm29DJ4ZtKAZpGR7JU/edit?usp=sharing,,,,,,
342,6,08/23/2025,Shannon Wellsteed,TRUE,https://drive.google.com/drive/folders/1nfOy4aZfPJcpZDg8-bUW4xp6f5-HZ_5X?usp=drive_link,,Decomposing Three-Dimensional Shapes,K,Decomposition,Math,Amy Calavan,https://docs.google.com/document/d/1Y49BQyD59FjgOBnAjMoCeR3mF0t-AS_QTpBXRu_sxvo/edit?usp=sharing,Finalized,,,,,